<?xml version="1.0" encoding="UTF-8"?>
<!DOCTYPE suite SYSTEM "https://testng.org/testng-1.0.dtd">
<suite name="Suite" verbose = "5" parallel = "classes">
<listeners>
<listener class-name="week6.day2.RetryListener"/>
</listeners>
<parameter name="browser" value="Chrome"></parameter>
<parameter name="url" value="http://leaftaps.com/opentaps/"></parameter>
<parameter name="userName" value="DemoSalesManager"></parameter>
<parameter name="password" value="crmsfa"></parameter>
  <test thread-count="5" name="Test">
    <classes>
     <class name="week6.day2.CreateLead"/>
    </classes>
  </test> <!-- Test -->
</suite> <!-- Suite -->
