<?xml version="1.0" encoding="UTF-8"?>
<!DOCTYPE suite SYSTEM "https://testng.org/testng-1.0.dtd">
<suite name="Suite">
<parameter name="url" value="https://dev99012.service-now.com/navpage.do"></parameter>
<parameter name="username" value="admin"></parameter>
<parameter name="password" value="pnFNeqw5GWB8"> </parameter>
  <test thread-count="5" name="Test">
    <classes>
      <class name="week5.day2.CreateIncident"/>
      <class name="week5.day2.AssignIncident"/>
      <class name="week5.day2.UpdateIncident"/>
    </classes>
  </test> <!-- Test -->
</suite> <!-- Suite -->
