<?xml version="1.0" encoding="UTF-8"?>
<!DOCTYPE suite SYSTEM "https://testng.org/testng-1.0.dtd">
<suite name="Suite" verbose = "5">
  <test thread-count="5" name="Test" parallel="classes">
    <classes>
      <class name="testcases.VerifyLogin"/>
      <class name="testcases.CreateLead"/>
      <class name="testcases.EditLead"/>
      <class name="testcases.DuplicateLead"/>
      <class name="testcases.MergeLead" />
      <class name="testcases.DeleteLead"/>
    </classes>
  </test> <!-- Test -->
</suite> <!-- Suite -->
